"HOL-PRT-1464","http://www.googledrive.com/host/0BwKvJQgQjgwdfkZvYXJrVkpGYkswUTlKanlIRUFoTno1ckx3ZVFLWkJOMFUxcHgtV29od2c/HOL-2014/hol-prt-1464_html_en/","http://www.googledrive.com/host/0BwKvJQgQjgwdfkZvYXJrVkpGYkswUTlKanlIRUFoTno1ckx3ZVFLWkJOMFUxcHgtV29od2c/HOL-2014/hol-prt-1464_pdf_en.pdf"
"HOL-PRT-1465","http://www.googledrive.com/host/0BwKvJQgQjgwdfkZvYXJrVkpGYkswUTlKanlIRUFoTno1ckx3ZVFLWkJOMFUxcHgtV29od2c/HOL-2014/hol-prt-1465_html_en/","http://www.googledrive.com/host/0BwKvJQgQjgwdfkZvYXJrVkpGYkswUTlKanlIRUFoTno1ckx3ZVFLWkJOMFUxcHgtV29od2c/HOL-2014/hol-prt-1465_pdf_en.pdf"
"HOL-PRT-1466","http://www.googledrive.com/host/0BwKvJQgQjgwdfkZvYXJrVkpGYkswUTlKanlIRUFoTno1ckx3ZVFLWkJOMFUxcHgtV29od2c/HOL-2014/hol-prt-1466_html_en/","http://www.googledrive.com/host/0BwKvJQgQjgwdfkZvYXJrVkpGYkswUTlKanlIRUFoTno1ckx3ZVFLWkJOMFUxcHgtV29od2c/HOL-2014/hol-prt-1466_pdf_en.pdf"
"HOL-PRT-1467","http://www.googledrive.com/host/0BwKvJQgQjgwdfkZvYXJrVkpGYkswUTlKanlIRUFoTno1ckx3ZVFLWkJOMFUxcHgtV29od2c/HOL-2014/hol-prt-1467_html_en/","http://www.googledrive.com/host/0BwKvJQgQjgwdfkZvYXJrVkpGYkswUTlKanlIRUFoTno1ckx3ZVFLWkJOMFUxcHgtV29od2c/HOL-2014/hol-prt-1467_pdf_en.pdf"
"HOL-PRT-1468","http://www.googledrive.com/host/0BwKvJQgQjgwdfkZvYXJrVkpGYkswUTlKanlIRUFoTno1ckx3ZVFLWkJOMFUxcHgtV29od2c/HOL-2014/hol-prt-1468_html_en/","http://www.googledrive.com/host/0BwKvJQgQjgwdfkZvYXJrVkpGYkswUTlKanlIRUFoTno1ckx3ZVFLWkJOMFUxcHgtV29od2c/HOL-2014/hol-prt-1468_pdf_en.pdf"
"HOL-PRT-1469","http://www.googledrive.com/host/0BwKvJQgQjgwdfkZvYXJrVkpGYkswUTlKanlIRUFoTno1ckx3ZVFLWkJOMFUxcHgtV29od2c/HOL-2014/hol-prt-1469_html_en/","http://www.googledrive.com/host/0BwKvJQgQjgwdfkZvYXJrVkpGYkswUTlKanlIRUFoTno1ckx3ZVFLWkJOMFUxcHgtV29od2c/HOL-2014/hol-prt-1469_pdf_en.pdf"
"HOL-PRT-1470","http://www.googledrive.com/host/0BwKvJQgQjgwdfkZvYXJrVkpGYkswUTlKanlIRUFoTno1ckx3ZVFLWkJOMFUxcHgtV29od2c/HOL-2014/hol-prt-1470_html_en/","http://www.googledrive.com/host/0BwKvJQgQjgwdfkZvYXJrVkpGYkswUTlKanlIRUFoTno1ckx3ZVFLWkJOMFUxcHgtV29od2c/HOL-2014/hol-prt-1470_pdf_en.pdf"
"HOL-PRT-1471","http://www.googledrive.com/host/0BwKvJQgQjgwdfkZvYXJrVkpGYkswUTlKanlIRUFoTno1ckx3ZVFLWkJOMFUxcHgtV29od2c/HOL-2014/hol-prt-1471_html_en/","http://www.googledrive.com/host/0BwKvJQgQjgwdfkZvYXJrVkpGYkswUTlKanlIRUFoTno1ckx3ZVFLWkJOMFUxcHgtV29od2c/HOL-2014/hol-prt-1471_pdf_en.pdf"
"HOL-PRT-1472","http://www.googledrive.com/host/0BwKvJQgQjgwdfkZvYXJrVkpGYkswUTlKanlIRUFoTno1ckx3ZVFLWkJOMFUxcHgtV29od2c/HOL-2014/hol-prt-1472_html_en/","http://www.googledrive.com/host/0BwKvJQgQjgwdfkZvYXJrVkpGYkswUTlKanlIRUFoTno1ckx3ZVFLWkJOMFUxcHgtV29od2c/HOL-2014/hol-prt-1472_pdf_en.pdf"
"HOL-MBL-1457","http://www.googledrive.com/host/0BwKvJQgQjgwdfkZvYXJrVkpGYkswUTlKanlIRUFoTno1ckx3ZVFLWkJOMFUxcHgtV29od2c/HOL-2014/hol-mbl-1457_html_en/","http://www.googledrive.com/host/0BwKvJQgQjgwdfkZvYXJrVkpGYkswUTlKanlIRUFoTno1ckx3ZVFLWkJOMFUxcHgtV29od2c/HOL-2014/hol-mbl-1457_pdf_en.pdf"
"HOL-SDC-1428","http://www.googledrive.com/host/0BwKvJQgQjgwdfkZvYXJrVkpGYkswUTlKanlIRUFoTno1ckx3ZVFLWkJOMFUxcHgtV29od2c/HOL-2014/hol-sdc-1428_html_en/","http://www.googledrive.com/host/0BwKvJQgQjgwdfkZvYXJrVkpGYkswUTlKanlIRUFoTno1ckx3ZVFLWkJOMFUxcHgtV29od2c/HOL-2014/hol-sdc-1428_pdf_en.pdf"
"HOL-SDC-1429","http://www.googledrive.com/host/0BwKvJQgQjgwdfkZvYXJrVkpGYkswUTlKanlIRUFoTno1ckx3ZVFLWkJOMFUxcHgtV29od2c/HOL-2014/hol-sdc-1429_html_en/","http://www.googledrive.com/host/0BwKvJQgQjgwdfkZvYXJrVkpGYkswUTlKanlIRUFoTno1ckx3ZVFLWkJOMFUxcHgtV29od2c/HOL-2014/hol-sdc-1429_pdf_en.pdf"
"HOL-MBL-1453","http://www.googledrive.com/host/0BwKvJQgQjgwdfkZvYXJrVkpGYkswUTlKanlIRUFoTno1ckx3ZVFLWkJOMFUxcHgtV29od2c/HOL-2014/hol-mbl-1453_html_en/","http://www.googledrive.com/host/0BwKvJQgQjgwdfkZvYXJrVkpGYkswUTlKanlIRUFoTno1ckx3ZVFLWkJOMFUxcHgtV29od2c/HOL-2014/hol-mbl-1453_pdf_en.pdf"
"HOL-MBL-1451","http://www.googledrive.com/host/0BwKvJQgQjgwdfkZvYXJrVkpGYkswUTlKanlIRUFoTno1ckx3ZVFLWkJOMFUxcHgtV29od2c/HOL-2014/hol-mbl-1451_html_en/","http://www.googledrive.com/host/0BwKvJQgQjgwdfkZvYXJrVkpGYkswUTlKanlIRUFoTno1ckx3ZVFLWkJOMFUxcHgtV29od2c/HOL-2014/hol-mbl-1451_pdf_en.pdf"
"HOL-MBL-1455","http://www.googledrive.com/host/0BwKvJQgQjgwdfkZvYXJrVkpGYkswUTlKanlIRUFoTno1ckx3ZVFLWkJOMFUxcHgtV29od2c/HOL-2014/hol-mbl-1455_html_en/","http://www.googledrive.com/host/0BwKvJQgQjgwdfkZvYXJrVkpGYkswUTlKanlIRUFoTno1ckx3ZVFLWkJOMFUxcHgtV29od2c/HOL-2014/hol-mbl-1455_pdf_en.pdf"
"HOL-SDC-1401","http://www.googledrive.com/host/0BwKvJQgQjgwdfkZvYXJrVkpGYkswUTlKanlIRUFoTno1ckx3ZVFLWkJOMFUxcHgtV29od2c/HOL-2014/hol-sdc-1401_html_en/","http://www.googledrive.com/host/0BwKvJQgQjgwdfkZvYXJrVkpGYkswUTlKanlIRUFoTno1ckx3ZVFLWkJOMFUxcHgtV29od2c/HOL-2014/hol-sdc-1401_pdf_en.pdf"
"HOL-SDC-1404","http://www.googledrive.com/host/0BwKvJQgQjgwdfkZvYXJrVkpGYkswUTlKanlIRUFoTno1ckx3ZVFLWkJOMFUxcHgtV29od2c/HOL-2014/hol-sdc-1404_html_en/","http://www.googledrive.com/host/0BwKvJQgQjgwdfkZvYXJrVkpGYkswUTlKanlIRUFoTno1ckx3ZVFLWkJOMFUxcHgtV29od2c/HOL-2014/hol-sdc-1404_pdf_en.pdf"
"HOL-SDC-1408","http://www.googledrive.com/host/0BwKvJQgQjgwdfkZvYXJrVkpGYkswUTlKanlIRUFoTno1ckx3ZVFLWkJOMFUxcHgtV29od2c/HOL-2014/hol-sdc-1408_html_en/","http://www.googledrive.com/host/0BwKvJQgQjgwdfkZvYXJrVkpGYkswUTlKanlIRUFoTno1ckx3ZVFLWkJOMFUxcHgtV29od2c/HOL-2014/hol-sdc-1408_pdf_en.pdf"
"HOL-SDC-1410","http://www.googledrive.com/host/0BwKvJQgQjgwdfkZvYXJrVkpGYkswUTlKanlIRUFoTno1ckx3ZVFLWkJOMFUxcHgtV29od2c/HOL-2014/hol-sdc-1410_html_en/","http://www.googledrive.com/host/0BwKvJQgQjgwdfkZvYXJrVkpGYkswUTlKanlIRUFoTno1ckx3ZVFLWkJOMFUxcHgtV29od2c/HOL-2014/hol-sdc-1410_pdf_en.pdf"
"HOL-SDC-1405","http://www.googledrive.com/host/0BwKvJQgQjgwdfkZvYXJrVkpGYkswUTlKanlIRUFoTno1ckx3ZVFLWkJOMFUxcHgtV29od2c/HOL-2014/hol-sdc-1405_html_en/","http://www.googledrive.com/host/0BwKvJQgQjgwdfkZvYXJrVkpGYkswUTlKanlIRUFoTno1ckx3ZVFLWkJOMFUxcHgtV29od2c/HOL-2014/hol-sdc-1405_pdf_en.pdf"
"HOL-SDC-1407","http://www.googledrive.com/host/0BwKvJQgQjgwdfkZvYXJrVkpGYkswUTlKanlIRUFoTno1ckx3ZVFLWkJOMFUxcHgtV29od2c/HOL-2014/hol-sdc-1407_html_en/","http://www.googledrive.com/host/0BwKvJQgQjgwdfkZvYXJrVkpGYkswUTlKanlIRUFoTno1ckx3ZVFLWkJOMFUxcHgtV29od2c/HOL-2014/hol-sdc-1407_pdf_en.pdf"
"HOL-SDC-1413","http://www.googledrive.com/host/0BwKvJQgQjgwdfkZvYXJrVkpGYkswUTlKanlIRUFoTno1ckx3ZVFLWkJOMFUxcHgtV29od2c/HOL-2014/hol-sdc-1413_html_en/","http://www.googledrive.com/host/0BwKvJQgQjgwdfkZvYXJrVkpGYkswUTlKanlIRUFoTno1ckx3ZVFLWkJOMFUxcHgtV29od2c/HOL-2014/hol-sdc-1413_pdf_en.pdf"
"HOL-SDC-1409","http://www.googledrive.com/host/0BwKvJQgQjgwdfkZvYXJrVkpGYkswUTlKanlIRUFoTno1ckx3ZVFLWkJOMFUxcHgtV29od2c/HOL-2014/hol-sdc-1409_html_en/","http://www.googledrive.com/host/0BwKvJQgQjgwdfkZvYXJrVkpGYkswUTlKanlIRUFoTno1ckx3ZVFLWkJOMFUxcHgtV29od2c/HOL-2014/hol-sdc-1409_pdf_en.pdf"
"HOL-SDC-1402","http://www.googledrive.com/host/0BwKvJQgQjgwdfkZvYXJrVkpGYkswUTlKanlIRUFoTno1ckx3ZVFLWkJOMFUxcHgtV29od2c/HOL-2014/hol-sdc-1402_html_en/","http://www.googledrive.com/host/0BwKvJQgQjgwdfkZvYXJrVkpGYkswUTlKanlIRUFoTno1ckx3ZVFLWkJOMFUxcHgtV29od2c/HOL-2014/hol-sdc-1402_pdf_en.pdf"
"HOL-SDC-1403","http://www.googledrive.com/host/0BwKvJQgQjgwdfkZvYXJrVkpGYkswUTlKanlIRUFoTno1ckx3ZVFLWkJOMFUxcHgtV29od2c/HOL-2014/hol-sdc-1403_html_en/","http://www.googledrive.com/host/0BwKvJQgQjgwdfkZvYXJrVkpGYkswUTlKanlIRUFoTno1ckx3ZVFLWkJOMFUxcHgtV29od2c/HOL-2014/hol-sdc-1403_pdf_en.pdf"
"HOL-SDC-1411","http://www.googledrive.com/host/0BwKvJQgQjgwdfkZvYXJrVkpGYkswUTlKanlIRUFoTno1ckx3ZVFLWkJOMFUxcHgtV29od2c/HOL-2014/hol-sdc-1411_html_en/","http://www.googledrive.com/host/0BwKvJQgQjgwdfkZvYXJrVkpGYkswUTlKanlIRUFoTno1ckx3ZVFLWkJOMFUxcHgtV29od2c/HOL-2014/hol-sdc-1411_pdf_en.pdf"
"HOL-HBD-1481","http://www.googledrive.com/host/0BwKvJQgQjgwdfkZvYXJrVkpGYkswUTlKanlIRUFoTno1ckx3ZVFLWkJOMFUxcHgtV29od2c/HOL-2014/hol-hbd-1481_html_en/","http://www.googledrive.com/host/0BwKvJQgQjgwdfkZvYXJrVkpGYkswUTlKanlIRUFoTno1ckx3ZVFLWkJOMFUxcHgtV29od2c/HOL-2014/hol-hbd-1481_pdf_en.pdf"
"HOL-HBD-1482","http://www.googledrive.com/host/0BwKvJQgQjgwdfkZvYXJrVkpGYkswUTlKanlIRUFoTno1ckx3ZVFLWkJOMFUxcHgtV29od2c/HOL-2014/hol-hbd-1482_html_en/","http://www.googledrive.com/host/0BwKvJQgQjgwdfkZvYXJrVkpGYkswUTlKanlIRUFoTno1ckx3ZVFLWkJOMFUxcHgtV29od2c/HOL-2014/hol-hbd-1482_pdf_en.pdf"
"HOL-SDC-1415","http://www.googledrive.com/host/0BwKvJQgQjgwdfkZvYXJrVkpGYkswUTlKanlIRUFoTno1ckx3ZVFLWkJOMFUxcHgtV29od2c/HOL-2014/hol-sdc-1415_html_en/","http://www.googledrive.com/host/0BwKvJQgQjgwdfkZvYXJrVkpGYkswUTlKanlIRUFoTno1ckx3ZVFLWkJOMFUxcHgtV29od2c/HOL-2014/hol-sdc-1415_pdf_en.pdf"
"HOL-SDC-1416","http://www.googledrive.com/host/0BwKvJQgQjgwdfkZvYXJrVkpGYkswUTlKanlIRUFoTno1ckx3ZVFLWkJOMFUxcHgtV29od2c/HOL-2014/hol-sdc-1416_html_en/","http://www.googledrive.com/host/0BwKvJQgQjgwdfkZvYXJrVkpGYkswUTlKanlIRUFoTno1ckx3ZVFLWkJOMFUxcHgtV29od2c/HOL-2014/hol-sdc-1416_pdf_en.pdf"
"HOL-HBD-1483","http://www.googledrive.com/host/0BwKvJQgQjgwdfkZvYXJrVkpGYkswUTlKanlIRUFoTno1ckx3ZVFLWkJOMFUxcHgtV29od2c/HOL-2014/hol-hbd-1483_html_en/","http://www.googledrive.com/host/0BwKvJQgQjgwdfkZvYXJrVkpGYkswUTlKanlIRUFoTno1ckx3ZVFLWkJOMFUxcHgtV29od2c/HOL-2014/hol-hbd-1483_pdf_en.pdf"
"HOL-SDC-1420","http://www.googledrive.com/host/0BwKvJQgQjgwdfkZvYXJrVkpGYkswUTlKanlIRUFoTno1ckx3ZVFLWkJOMFUxcHgtV29od2c/HOL-2014/hol-sdc-1420_html_en/","http://www.googledrive.com/host/0BwKvJQgQjgwdfkZvYXJrVkpGYkswUTlKanlIRUFoTno1ckx3ZVFLWkJOMFUxcHgtV29od2c/HOL-2014/hol-sdc-1420_pdf_en.pdf"
"HOL-SDC-1421","http://www.googledrive.com/host/0BwKvJQgQjgwdfkZvYXJrVkpGYkswUTlKanlIRUFoTno1ckx3ZVFLWkJOMFUxcHgtV29od2c/HOL-2014/hol-sdc-1421_html_en/","http://www.googledrive.com/host/0BwKvJQgQjgwdfkZvYXJrVkpGYkswUTlKanlIRUFoTno1ckx3ZVFLWkJOMFUxcHgtV29od2c/HOL-2014/hol-sdc-1421_pdf_en.pdf"
"HOL-SDC-1422","http://www.googledrive.com/host/0BwKvJQgQjgwdfkZvYXJrVkpGYkswUTlKanlIRUFoTno1ckx3ZVFLWkJOMFUxcHgtV29od2c/HOL-2014/hol-sdc-1422_html_en/","http://www.googledrive.com/host/0BwKvJQgQjgwdfkZvYXJrVkpGYkswUTlKanlIRUFoTno1ckx3ZVFLWkJOMFUxcHgtV29od2c/HOL-2014/hol-sdc-1422_pdf_en.pdf"
"HOL-HBD-1484","http://www.googledrive.com/host/0BwKvJQgQjgwdfkZvYXJrVkpGYkswUTlKanlIRUFoTno1ckx3ZVFLWkJOMFUxcHgtV29od2c/HOL-2014/hol-hbd-1484_html_en/","http://www.googledrive.com/host/0BwKvJQgQjgwdfkZvYXJrVkpGYkswUTlKanlIRUFoTno1ckx3ZVFLWkJOMFUxcHgtV29od2c/HOL-2014/hol-hbd-1484_pdf_en.pdf"
"HOL-SDC-1424","http://www.googledrive.com/host/0BwKvJQgQjgwdfkZvYXJrVkpGYkswUTlKanlIRUFoTno1ckx3ZVFLWkJOMFUxcHgtV29od2c/HOL-2014/hol-sdc-1424_html_en/","http://www.googledrive.com/host/0BwKvJQgQjgwdfkZvYXJrVkpGYkswUTlKanlIRUFoTno1ckx3ZVFLWkJOMFUxcHgtV29od2c/HOL-2014/hol-sdc-1424_pdf_en.pdf"
"HOL-SDC-1425","http://www.googledrive.com/host/0BwKvJQgQjgwdfkZvYXJrVkpGYkswUTlKanlIRUFoTno1ckx3ZVFLWkJOMFUxcHgtV29od2c/HOL-2014/hol-sdc-1425_html_en/","http://www.googledrive.com/host/0BwKvJQgQjgwdfkZvYXJrVkpGYkswUTlKanlIRUFoTno1ckx3ZVFLWkJOMFUxcHgtV29od2c/HOL-2014/hol-sdc-1425_pdf_en.pdf"
"HOL-SDC-1426","http://www.googledrive.com/host/0BwKvJQgQjgwdfkZvYXJrVkpGYkswUTlKanlIRUFoTno1ckx3ZVFLWkJOMFUxcHgtV29od2c/HOL-2014/hol-sdc-1426_html_en/","http://www.googledrive.com/host/0BwKvJQgQjgwdfkZvYXJrVkpGYkswUTlKanlIRUFoTno1ckx3ZVFLWkJOMFUxcHgtV29od2c/HOL-2014/hol-sdc-1426_pdf_en.pdf"
"HOL-MBL-1452","http://www.googledrive.com/host/0BwKvJQgQjgwdfkZvYXJrVkpGYkswUTlKanlIRUFoTno1ckx3ZVFLWkJOMFUxcHgtV29od2c/HOL-2014/hol-mbl-1452_html_en/","http://www.googledrive.com/host/0BwKvJQgQjgwdfkZvYXJrVkpGYkswUTlKanlIRUFoTno1ckx3ZVFLWkJOMFUxcHgtV29od2c/HOL-2014/hol-mbl-1452_pdf_en.pdf"
"HOL-MBL-1456","http://www.googledrive.com/host/0BwKvJQgQjgwdfkZvYXJrVkpGYkswUTlKanlIRUFoTno1ckx3ZVFLWkJOMFUxcHgtV29od2c/HOL-2014/hol-mbl-1456_html_en/","http://www.googledrive.com/host/0BwKvJQgQjgwdfkZvYXJrVkpGYkswUTlKanlIRUFoTno1ckx3ZVFLWkJOMFUxcHgtV29od2c/HOL-2014/hol-mbl-1456_pdf_en.pdf"
"HOL-SDC-1406","http://www.googledrive.com/host/0BwKvJQgQjgwdfkZvYXJrVkpGYkswUTlKanlIRUFoTno1ckx3ZVFLWkJOMFUxcHgtV29od2c/HOL-2014/hol-sdc-1406_html_en/","http://www.googledrive.com/host/0BwKvJQgQjgwdfkZvYXJrVkpGYkswUTlKanlIRUFoTno1ckx3ZVFLWkJOMFUxcHgtV29od2c/HOL-2014/hol-sdc-1406_pdf_en.pdf"
"HOL-SDC-1412","http://www.googledrive.com/host/0BwKvJQgQjgwdfkZvYXJrVkpGYkswUTlKanlIRUFoTno1ckx3ZVFLWkJOMFUxcHgtV29od2c/HOL-2014/hol-sdc-1412_html_en/","http://www.googledrive.com/host/0BwKvJQgQjgwdfkZvYXJrVkpGYkswUTlKanlIRUFoTno1ckx3ZVFLWkJOMFUxcHgtV29od2c/HOL-2014/hol-sdc-1412_pdf_en.pdf"
"HOL-SDC-1427","http://www.googledrive.com/host/0BwKvJQgQjgwdfkZvYXJrVkpGYkswUTlKanlIRUFoTno1ckx3ZVFLWkJOMFUxcHgtV29od2c/HOL-2014/hol-sdc-1427_html_en/","http://www.googledrive.com/host/0BwKvJQgQjgwdfkZvYXJrVkpGYkswUTlKanlIRUFoTno1ckx3ZVFLWkJOMFUxcHgtV29od2c/HOL-2014/hol-sdc-1427_pdf_en.pdf"
"HOL-PRT-1462","http://www.googledrive.com/host/0BwKvJQgQjgwdfkZvYXJrVkpGYkswUTlKanlIRUFoTno1ckx3ZVFLWkJOMFUxcHgtV29od2c/HOL-2014/hol-prt-1462_html_en/","http://www.googledrive.com/host/0BwKvJQgQjgwdfkZvYXJrVkpGYkswUTlKanlIRUFoTno1ckx3ZVFLWkJOMFUxcHgtV29od2c/HOL-2014/hol-prt-1462_pdf_en.pdf"
"HOL-PRT-1463","http://www.googledrive.com/host/0BwKvJQgQjgwdfkZvYXJrVkpGYkswUTlKanlIRUFoTno1ckx3ZVFLWkJOMFUxcHgtV29od2c/HOL-2014/hol-prt-1463_html_en/","http://www.googledrive.com/host/0BwKvJQgQjgwdfkZvYXJrVkpGYkswUTlKanlIRUFoTno1ckx3ZVFLWkJOMFUxcHgtV29od2c/HOL-2014/hol-prt-1463_pdf_en.pdf"
"HOL-PRT-1461","http://www.googledrive.com/host/0BwKvJQgQjgwdfkZvYXJrVkpGYkswUTlKanlIRUFoTno1ckx3ZVFLWkJOMFUxcHgtV29od2c/HOL-2014/hol-prt-1461_html_en/","http://www.googledrive.com/host/0BwKvJQgQjgwdfkZvYXJrVkpGYkswUTlKanlIRUFoTno1ckx3ZVFLWkJOMFUxcHgtV29od2c/HOL-2014/hol-prt-1461_pdf_en.pdf"
"HOL-MBL-1454","http://www.googledrive.com/host/0BwKvJQgQjgwdfkZvYXJrVkpGYkswUTlKanlIRUFoTno1ckx3ZVFLWkJOMFUxcHgtV29od2c/HOL-2014/hol-mbl-1454_html_en/","http://www.googledrive.com/host/0BwKvJQgQjgwdfkZvYXJrVkpGYkswUTlKanlIRUFoTno1ckx3ZVFLWkJOMFUxcHgtV29od2c/HOL-2014/hol-mbl-1454_pdf_en.pdf"
"HOL-SDC-1430","http://www.googledrive.com/host/0BwKvJQgQjgwdfkZvYXJrVkpGYkswUTlKanlIRUFoTno1ckx3ZVFLWkJOMFUxcHgtV29od2c/HOL-2014/hol-sdc-1430_html_en/","http://www.googledrive.com/host/0BwKvJQgQjgwdfkZvYXJrVkpGYkswUTlKanlIRUFoTno1ckx3ZVFLWkJOMFUxcHgtV29od2c/HOL-2014/hol-sdc-1430_pdf_en.pdf"
"HOL-SDC-1431","http://www.googledrive.com/host/0BwKvJQgQjgwdfkZvYXJrVkpGYkswUTlKanlIRUFoTno1ckx3ZVFLWkJOMFUxcHgtV29od2c/HOL-2014/hol-sdc-1431_html_en/","http://www.googledrive.com/host/0BwKvJQgQjgwdfkZvYXJrVkpGYkswUTlKanlIRUFoTno1ckx3ZVFLWkJOMFUxcHgtV29od2c/HOL-2014/hol-sdc-1431_pdf_en.pdf"
"HOL-SDC-1603","http://www.googledrive.com/host/0BwKvJQgQjgwdfkZvYXJrVkpGYkswUTlKanlIRUFoTno1ckx3ZVFLWkJOMFUxcHgtV29od2c/HOL-2016/hol-sdc-1603_html_en/","http://www.googledrive.com/host/0BwKvJQgQjgwdfkZvYXJrVkpGYkswUTlKanlIRUFoTno1ckx3ZVFLWkJOMFUxcHgtV29od2c/HOL-2016/hol-sdc-1603_pdf_en.pdf"
"HOL-SDC-1631","http://www.googledrive.com/host/0BwKvJQgQjgwdfkZvYXJrVkpGYkswUTlKanlIRUFoTno1ckx3ZVFLWkJOMFUxcHgtV29od2c/HOL-2016/hol-sdc-1631_html_en/","http://www.googledrive.com/host/0BwKvJQgQjgwdfkZvYXJrVkpGYkswUTlKanlIRUFoTno1ckx3ZVFLWkJOMFUxcHgtV29od2c/HOL-2016/hol-sdc-1631_pdf_en.pdf"
"HOL-SDC-1625","http://www.googledrive.com/host/0BwKvJQgQjgwdfkZvYXJrVkpGYkswUTlKanlIRUFoTno1ckx3ZVFLWkJOMFUxcHgtV29od2c/HOL-2016/hol-sdc-1625_html_en/","http://www.googledrive.com/host/0BwKvJQgQjgwdfkZvYXJrVkpGYkswUTlKanlIRUFoTno1ckx3ZVFLWkJOMFUxcHgtV29od2c/HOL-2016/hol-sdc-1625_pdf_en.pdf"
"HOL-SDC-1632","http://www.googledrive.com/host/0BwKvJQgQjgwdfkZvYXJrVkpGYkswUTlKanlIRUFoTno1ckx3ZVFLWkJOMFUxcHgtV29od2c/HOL-2016/hol-sdc-1632_html_en/","http://www.googledrive.com/host/0BwKvJQgQjgwdfkZvYXJrVkpGYkswUTlKanlIRUFoTno1ckx3ZVFLWkJOMFUxcHgtV29od2c/HOL-2016/hol-sdc-1632_pdf_en.pdf"
"HOL-SDC-1609","http://www.googledrive.com/host/0BwKvJQgQjgwdfkZvYXJrVkpGYkswUTlKanlIRUFoTno1ckx3ZVFLWkJOMFUxcHgtV29od2c/HOL-2016/hol-sdc-1609_html_en/","http://www.googledrive.com/host/0BwKvJQgQjgwdfkZvYXJrVkpGYkswUTlKanlIRUFoTno1ckx3ZVFLWkJOMFUxcHgtV29od2c/HOL-2016/hol-sdc-1609_pdf_en.pdf"
"HOL-HBD-1686","http://www.googledrive.com/host/0BwKvJQgQjgwdfkZvYXJrVkpGYkswUTlKanlIRUFoTno1ckx3ZVFLWkJOMFUxcHgtV29od2c/HOL-2016/hol-hbd-1686_html_en/","http://www.googledrive.com/host/0BwKvJQgQjgwdfkZvYXJrVkpGYkswUTlKanlIRUFoTno1ckx3ZVFLWkJOMFUxcHgtV29od2c/HOL-2016/hol-hbd-1686_pdf_en.pdf"
"HOL-HBD-1684","http://www.googledrive.com/host/0BwKvJQgQjgwdfkZvYXJrVkpGYkswUTlKanlIRUFoTno1ckx3ZVFLWkJOMFUxcHgtV29od2c/HOL-2016/hol-hbd-1684_html_en/","http://www.googledrive.com/host/0BwKvJQgQjgwdfkZvYXJrVkpGYkswUTlKanlIRUFoTno1ckx3ZVFLWkJOMFUxcHgtV29od2c/HOL-2016/hol-hbd-1684_pdf_en.pdf"
"HOL-SDC-1611","http://www.googledrive.com/host/0BwKvJQgQjgwdfkZvYXJrVkpGYkswUTlKanlIRUFoTno1ckx3ZVFLWkJOMFUxcHgtV29od2c/HOL-2016/hol-sdc-1611_html_en/","http://www.googledrive.com/host/0BwKvJQgQjgwdfkZvYXJrVkpGYkswUTlKanlIRUFoTno1ckx3ZVFLWkJOMFUxcHgtV29od2c/HOL-2016/hol-sdc-1611_pdf_en.pdf"
"HOL-MBL-1655","http://www.googledrive.com/host/0BwKvJQgQjgwdfkZvYXJrVkpGYkswUTlKanlIRUFoTno1ckx3ZVFLWkJOMFUxcHgtV29od2c/HOL-2016/hol-mbl-1655_html_en/","http://www.googledrive.com/host/0BwKvJQgQjgwdfkZvYXJrVkpGYkswUTlKanlIRUFoTno1ckx3ZVFLWkJOMFUxcHgtV29od2c/HOL-2016/hol-mbl-1655_pdf_en.pdf"
"HOL-PRT-1674","http://www.googledrive.com/host/0BwKvJQgQjgwdfkZvYXJrVkpGYkswUTlKanlIRUFoTno1ckx3ZVFLWkJOMFUxcHgtV29od2c/HOL-2016/hol-prt-1674_html_en/","http://www.googledrive.com/host/0BwKvJQgQjgwdfkZvYXJrVkpGYkswUTlKanlIRUFoTno1ckx3ZVFLWkJOMFUxcHgtV29od2c/HOL-2016/hol-prt-1674_pdf_en.pdf"
"HOL-SDC-1601","http://www.googledrive.com/host/0BwKvJQgQjgwdfkZvYXJrVkpGYkswUTlKanlIRUFoTno1ckx3ZVFLWkJOMFUxcHgtV29od2c/HOL-2016/hol-sdc-1601_html_en/","http://www.googledrive.com/host/0BwKvJQgQjgwdfkZvYXJrVkpGYkswUTlKanlIRUFoTno1ckx3ZVFLWkJOMFUxcHgtV29od2c/HOL-2016/hol-sdc-1601_pdf_en.pdf"
"HOL-SDC-1622","http://www.googledrive.com/host/0BwKvJQgQjgwdfkZvYXJrVkpGYkswUTlKanlIRUFoTno1ckx3ZVFLWkJOMFUxcHgtV29od2c/HOL-2016/hol-sdc-1622_html_en/","http://www.googledrive.com/host/0BwKvJQgQjgwdfkZvYXJrVkpGYkswUTlKanlIRUFoTno1ckx3ZVFLWkJOMFUxcHgtV29od2c/HOL-2016/hol-sdc-1622_pdf_en.pdf"
"HOL-SDC-1628","http://www.googledrive.com/host/0BwKvJQgQjgwdfkZvYXJrVkpGYkswUTlKanlIRUFoTno1ckx3ZVFLWkJOMFUxcHgtV29od2c/HOL-2016/hol-sdc-1628_html_en/","http://www.googledrive.com/host/0BwKvJQgQjgwdfkZvYXJrVkpGYkswUTlKanlIRUFoTno1ckx3ZVFLWkJOMFUxcHgtV29od2c/HOL-2016/hol-sdc-1628_pdf_en.pdf"
"HOL-SDC-1602","http://www.googledrive.com/host/0BwKvJQgQjgwdfkZvYXJrVkpGYkswUTlKanlIRUFoTno1ckx3ZVFLWkJOMFUxcHgtV29od2c/HOL-2016/hol-sdc-1602_html_en/","http://www.googledrive.com/host/0BwKvJQgQjgwdfkZvYXJrVkpGYkswUTlKanlIRUFoTno1ckx3ZVFLWkJOMFUxcHgtV29od2c/HOL-2016/hol-sdc-1602_pdf_en.pdf"
"HOL-SDC-1630","http://www.googledrive.com/host/0BwKvJQgQjgwdfkZvYXJrVkpGYkswUTlKanlIRUFoTno1ckx3ZVFLWkJOMFUxcHgtV29od2c/HOL-2016/hol-sdc-1630_html_en/","http://www.googledrive.com/host/0BwKvJQgQjgwdfkZvYXJrVkpGYkswUTlKanlIRUFoTno1ckx3ZVFLWkJOMFUxcHgtV29od2c/HOL-2016/hol-sdc-1630_pdf_en.pdf"
"HOL-SDC-1613","http://www.googledrive.com/host/0BwKvJQgQjgwdfkZvYXJrVkpGYkswUTlKanlIRUFoTno1ckx3ZVFLWkJOMFUxcHgtV29od2c/HOL-2016/hol-sdc-1613_html_en/","http://www.googledrive.com/host/0BwKvJQgQjgwdfkZvYXJrVkpGYkswUTlKanlIRUFoTno1ckx3ZVFLWkJOMFUxcHgtV29od2c/HOL-2016/hol-sdc-1613_pdf_en.pdf"
"HOL-SDC-1624","http://www.googledrive.com/host/0BwKvJQgQjgwdfkZvYXJrVkpGYkswUTlKanlIRUFoTno1ckx3ZVFLWkJOMFUxcHgtV29od2c/HOL-2016/hol-sdc-1624_html_en/","http://www.googledrive.com/host/0BwKvJQgQjgwdfkZvYXJrVkpGYkswUTlKanlIRUFoTno1ckx3ZVFLWkJOMFUxcHgtV29od2c/HOL-2016/hol-sdc-1624_pdf_en.pdf"
"HOL-SDC-1606","http://www.googledrive.com/host/0BwKvJQgQjgwdfkZvYXJrVkpGYkswUTlKanlIRUFoTno1ckx3ZVFLWkJOMFUxcHgtV29od2c/HOL-2016/hol-sdc-1606_html_en/","http://www.googledrive.com/host/0BwKvJQgQjgwdfkZvYXJrVkpGYkswUTlKanlIRUFoTno1ckx3ZVFLWkJOMFUxcHgtV29od2c/HOL-2016/hol-sdc-1606_pdf_en.pdf"
"HOL-SDC-1605","http://www.googledrive.com/host/0BwKvJQgQjgwdfkZvYXJrVkpGYkswUTlKanlIRUFoTno1ckx3ZVFLWkJOMFUxcHgtV29od2c/HOL-2016/hol-sdc-1605_html_en/","http://www.googledrive.com/host/0BwKvJQgQjgwdfkZvYXJrVkpGYkswUTlKanlIRUFoTno1ckx3ZVFLWkJOMFUxcHgtV29od2c/HOL-2016/hol-sdc-1605_pdf_en.pdf"
"HOL-MBL-1659","http://www.googledrive.com/host/0BwKvJQgQjgwdfkZvYXJrVkpGYkswUTlKanlIRUFoTno1ckx3ZVFLWkJOMFUxcHgtV29od2c/HOL-2016/hol-mbl-1659_html_en/","http://www.googledrive.com/host/0BwKvJQgQjgwdfkZvYXJrVkpGYkswUTlKanlIRUFoTno1ckx3ZVFLWkJOMFUxcHgtV29od2c/HOL-2016/hol-mbl-1659_pdf_en.pdf"
"HOL-HBD-1683","http://www.googledrive.com/host/0BwKvJQgQjgwdfkZvYXJrVkpGYkswUTlKanlIRUFoTno1ckx3ZVFLWkJOMFUxcHgtV29od2c/HOL-2016/hol-hbd-1683_html_en/","http://www.googledrive.com/host/0BwKvJQgQjgwdfkZvYXJrVkpGYkswUTlKanlIRUFoTno1ckx3ZVFLWkJOMFUxcHgtV29od2c/HOL-2016/hol-hbd-1683_pdf_en.pdf"
"HOL-PRT-1675","http://www.googledrive.com/host/0BwKvJQgQjgwdfkZvYXJrVkpGYkswUTlKanlIRUFoTno1ckx3ZVFLWkJOMFUxcHgtV29od2c/HOL-2016/hol-prt-1675_html_en/","http://www.googledrive.com/host/0BwKvJQgQjgwdfkZvYXJrVkpGYkswUTlKanlIRUFoTno1ckx3ZVFLWkJOMFUxcHgtV29od2c/HOL-2016/hol-prt-1675_pdf_en.pdf"
"HOL-SDC-1604","http://www.googledrive.com/host/0BwKvJQgQjgwdfkZvYXJrVkpGYkswUTlKanlIRUFoTno1ckx3ZVFLWkJOMFUxcHgtV29od2c/HOL-2016/hol-sdc-1604_html_en/","http://www.googledrive.com/host/0BwKvJQgQjgwdfkZvYXJrVkpGYkswUTlKanlIRUFoTno1ckx3ZVFLWkJOMFUxcHgtV29od2c/HOL-2016/hol-sdc-1604_pdf_en.pdf"
"HOL-MBL-1652","http://www.googledrive.com/host/0BwKvJQgQjgwdfkZvYXJrVkpGYkswUTlKanlIRUFoTno1ckx3ZVFLWkJOMFUxcHgtV29od2c/HOL-2016/hol-mbl-1652_html_en/","http://www.googledrive.com/host/0BwKvJQgQjgwdfkZvYXJrVkpGYkswUTlKanlIRUFoTno1ckx3ZVFLWkJOMFUxcHgtV29od2c/HOL-2016/hol-mbl-1652_pdf_en.pdf"
"HOL-MBL-1654","http://www.googledrive.com/host/0BwKvJQgQjgwdfkZvYXJrVkpGYkswUTlKanlIRUFoTno1ckx3ZVFLWkJOMFUxcHgtV29od2c/HOL-2016/hol-mbl-1654_html_en/","http://www.googledrive.com/host/0BwKvJQgQjgwdfkZvYXJrVkpGYkswUTlKanlIRUFoTno1ckx3ZVFLWkJOMFUxcHgtV29od2c/HOL-2016/hol-mbl-1654_pdf_en.pdf"
"HOL-MBL-1656","http://www.googledrive.com/host/0BwKvJQgQjgwdfkZvYXJrVkpGYkswUTlKanlIRUFoTno1ckx3ZVFLWkJOMFUxcHgtV29od2c/HOL-2016/hol-mbl-1656_html_en/","http://www.googledrive.com/host/0BwKvJQgQjgwdfkZvYXJrVkpGYkswUTlKanlIRUFoTno1ckx3ZVFLWkJOMFUxcHgtV29od2c/HOL-2016/hol-mbl-1656_pdf_en.pdf"
"HOL-MBL-1651","http://www.googledrive.com/host/0BwKvJQgQjgwdfkZvYXJrVkpGYkswUTlKanlIRUFoTno1ckx3ZVFLWkJOMFUxcHgtV29od2c/HOL-2016/hol-mbl-1651_html_en/","http://www.googledrive.com/host/0BwKvJQgQjgwdfkZvYXJrVkpGYkswUTlKanlIRUFoTno1ckx3ZVFLWkJOMFUxcHgtV29od2c/HOL-2016/hol-mbl-1651_pdf_en.pdf"
"HOL-SDC-1627","http://www.googledrive.com/host/0BwKvJQgQjgwdfkZvYXJrVkpGYkswUTlKanlIRUFoTno1ckx3ZVFLWkJOMFUxcHgtV29od2c/HOL-2016/hol-sdc-1627_html_en/","http://www.googledrive.com/host/0BwKvJQgQjgwdfkZvYXJrVkpGYkswUTlKanlIRUFoTno1ckx3ZVFLWkJOMFUxcHgtV29od2c/HOL-2016/hol-sdc-1627_pdf_en.pdf"
"HOL-SDC-1621","http://www.googledrive.com/host/0BwKvJQgQjgwdfkZvYXJrVkpGYkswUTlKanlIRUFoTno1ckx3ZVFLWkJOMFUxcHgtV29od2c/HOL-2016/hol-sdc-1621_html_en/","http://www.googledrive.com/host/0BwKvJQgQjgwdfkZvYXJrVkpGYkswUTlKanlIRUFoTno1ckx3ZVFLWkJOMFUxcHgtV29od2c/HOL-2016/hol-sdc-1621_pdf_en.pdf"
"HOL-MBL-1653","http://www.googledrive.com/host/0BwKvJQgQjgwdfkZvYXJrVkpGYkswUTlKanlIRUFoTno1ckx3ZVFLWkJOMFUxcHgtV29od2c/HOL-2016/hol-mbl-1653_html_en/","http://www.googledrive.com/host/0BwKvJQgQjgwdfkZvYXJrVkpGYkswUTlKanlIRUFoTno1ckx3ZVFLWkJOMFUxcHgtV29od2c/HOL-2016/hol-mbl-1653_pdf_en.pdf"
"HOL-CHG-1695","http://www.googledrive.com/host/0BwKvJQgQjgwdfkZvYXJrVkpGYkswUTlKanlIRUFoTno1ckx3ZVFLWkJOMFUxcHgtV29od2c/HOL-2016/hol-chg-1695-hol_html_en/","http://www.googledrive.com/host/0BwKvJQgQjgwdfkZvYXJrVkpGYkswUTlKanlIRUFoTno1ckx3ZVFLWkJOMFUxcHgtV29od2c/HOL-2016/hol-chg-1695-hol_pdf_en.pdf"
"HOL-HBD-1681","http://www.googledrive.com/host/0BwKvJQgQjgwdfkZvYXJrVkpGYkswUTlKanlIRUFoTno1ckx3ZVFLWkJOMFUxcHgtV29od2c/HOL-2016/hol-hbd-1681_html_en/","http://www.googledrive.com/host/0BwKvJQgQjgwdfkZvYXJrVkpGYkswUTlKanlIRUFoTno1ckx3ZVFLWkJOMFUxcHgtV29od2c/HOL-2016/hol-hbd-1681_pdf_en.pdf"
"HOL-SDC-1620","http://www.googledrive.com/host/0BwKvJQgQjgwdfkZvYXJrVkpGYkswUTlKanlIRUFoTno1ckx3ZVFLWkJOMFUxcHgtV29od2c/HOL-2016/hol-sdc-1620_html_en/","http://www.googledrive.com/host/0BwKvJQgQjgwdfkZvYXJrVkpGYkswUTlKanlIRUFoTno1ckx3ZVFLWkJOMFUxcHgtV29od2c/HOL-2016/hol-sdc-1620_pdf_en.pdf"
"HOL-HBD-1685","http://www.googledrive.com/host/0BwKvJQgQjgwdfkZvYXJrVkpGYkswUTlKanlIRUFoTno1ckx3ZVFLWkJOMFUxcHgtV29od2c/HOL-2016/hol-hbd-1685_html_en/","http://www.googledrive.com/host/0BwKvJQgQjgwdfkZvYXJrVkpGYkswUTlKanlIRUFoTno1ckx3ZVFLWkJOMFUxcHgtV29od2c/HOL-2016/hol-hbd-1685_pdf_en.pdf"
"HOL-PRT-1674","",""
"HOL-PRT-1672","http://www.googledrive.com/host/0BwKvJQgQjgwdfkZvYXJrVkpGYkswUTlKanlIRUFoTno1ckx3ZVFLWkJOMFUxcHgtV29od2c/HOL-2016/hol-prt-1672_html_en/","http://www.googledrive.com/host/0BwKvJQgQjgwdfkZvYXJrVkpGYkswUTlKanlIRUFoTno1ckx3ZVFLWkJOMFUxcHgtV29od2c/HOL-2016/hol-prt-1672_pdf_en.pdf"
"HOL-MBL-1657","http://www.googledrive.com/host/0BwKvJQgQjgwdfkZvYXJrVkpGYkswUTlKanlIRUFoTno1ckx3ZVFLWkJOMFUxcHgtV29od2c/HOL-2016/hol-mbl-1657_html_en/","http://www.googledrive.com/host/0BwKvJQgQjgwdfkZvYXJrVkpGYkswUTlKanlIRUFoTno1ckx3ZVFLWkJOMFUxcHgtV29od2c/HOL-2016/hol-mbl-1657_pdf_en.pdf"
"HOL-SDC-1610","http://www.googledrive.com/host/0BwKvJQgQjgwdfkZvYXJrVkpGYkswUTlKanlIRUFoTno1ckx3ZVFLWkJOMFUxcHgtV29od2c/HOL-2016/hol-sdc-1610_html_en/","http://www.googledrive.com/host/0BwKvJQgQjgwdfkZvYXJrVkpGYkswUTlKanlIRUFoTno1ckx3ZVFLWkJOMFUxcHgtV29od2c/HOL-2016/hol-sdc-1610_pdf_en.pdf"
"HOL-HBD-1682","http://www.googledrive.com/host/0BwKvJQgQjgwdfkZvYXJrVkpGYkswUTlKanlIRUFoTno1ckx3ZVFLWkJOMFUxcHgtV29od2c/HOL-2016/hol-hbd-1682_html_en/","http://www.googledrive.com/host/0BwKvJQgQjgwdfkZvYXJrVkpGYkswUTlKanlIRUFoTno1ckx3ZVFLWkJOMFUxcHgtV29od2c/HOL-2016/hol-hbd-1682_pdf_en.pdf"
"HOL-SDC-1423","http://www.googledrive.com/host/0BwKvJQgQjgwdfkZvYXJrVkpGYkswUTlKanlIRUFoTno1ckx3ZVFLWkJOMFUxcHgtV29od2c/HOL-2014/hol-sdc-1423_html_en/","http://www.googledrive.com/host/0BwKvJQgQjgwdfkZvYXJrVkpGYkswUTlKanlIRUFoTno1ckx3ZVFLWkJOMFUxcHgtV29od2c/HOL-2014/hol-sdc-1423_pdf_en.pdf"
"HOL-SDC-1608","http://www.googledrive.com/host/0BwKvJQgQjgwdfkZvYXJrVkpGYkswUTlKanlIRUFoTno1ckx3ZVFLWkJOMFUxcHgtV29od2c/HOL-2016/hol-sdc-1608_html_en/","http://www.googledrive.com/host/0BwKvJQgQjgwdfkZvYXJrVkpGYkswUTlKanlIRUFoTno1ckx3ZVFLWkJOMFUxcHgtV29od2c/HOL-2016/hol-sdc-1608_pdf_en.pdf"
"HOL-PRT-1671","http://www.googledrive.com/host/0BwKvJQgQjgwdfkZvYXJrVkpGYkswUTlKanlIRUFoTno1ckx3ZVFLWkJOMFUxcHgtV29od2c/HOL-2016/hol-prt-1671_html_en/","http://www.googledrive.com/host/0BwKvJQgQjgwdfkZvYXJrVkpGYkswUTlKanlIRUFoTno1ckx3ZVFLWkJOMFUxcHgtV29od2c/HOL-2016/hol-prt-1671_pdf_en.pdf"
"HOL-MBL-1658","http://www.googledrive.com/host/0BwKvJQgQjgwdfkZvYXJrVkpGYkswUTlKanlIRUFoTno1ckx3ZVFLWkJOMFUxcHgtV29od2c/HOL-2016/hol-mbl-1658_html_en/","http://www.googledrive.com/host/0BwKvJQgQjgwdfkZvYXJrVkpGYkswUTlKanlIRUFoTno1ckx3ZVFLWkJOMFUxcHgtV29od2c/HOL-2016/hol-mbl-1658_pdf_en.pdf"